OS_VERSION,OS_VERSION_mean_encoded
windows 10,984.3159071066877
windows 11,1126.1304882691113
windows 7,837.5
windows 8,859.6312903225806
windows vista,25.0
