TOUCHSCREEN,TOUCHSCREEN_mean_encoded
no,1042.1679801031305
unknown,1125.849
yes,1049.3577703666222
